PubmedID,Title,Publication Date,Non-academic Author(s),Company Affiliation(s),Corresponding Author Email
40642768,Title for 40642768,2023-01-01,John Doe,ABC Biotech Inc.,john@abcbiotech.com
40642535,Title for 40642535,2023-01-01,John Doe,ABC Biotech Inc.,john@abcbiotech.com
40642484,Title for 40642484,2023-01-01,John Doe,ABC Biotech Inc.,john@abcbiotech.com
40642097,Title for 40642097,2023-01-01,John Doe,ABC Biotech Inc.,john@abcbiotech.com
40642094,Title for 40642094,2023-01-01,John Doe,ABC Biotech Inc.,john@abcbiotech.com
40642086,Title for 40642086,2023-01-01,John Doe,ABC Biotech Inc.,john@abcbiotech.com
40642085,Title for 40642085,2023-01-01,John Doe,ABC Biotech Inc.,john@abcbiotech.com
40642076,Title for 40642076,2023-01-01,John Doe,ABC Biotech Inc.,john@abcbiotech.com
40642068,Title for 40642068,2023-01-01,John Doe,ABC Biotech Inc.,john@abcbiotech.com
40642066,Title for 40642066,2023-01-01,John Doe,ABC Biotech Inc.,john@abcbiotech.com
